ID;alim_grp_code;alim_ssgrp_code;alim_grp_nom_eng;alim_ssgrp_nom_eng;alim_code;alim_nom_eng;Protein (g/100g);Carbohydrate (g/100g);Fat (g/100g);Sugars (g/100g);glucose (g/100g);lactose (g/100g)
1;1;101;starters and dishes;mixed salads;25601;Prepared mixed tuna and vegetable salad, canned;9.15;7.74;4.7;3.08;0.78;0
2;1;101;starters and dishes;mixed salads;25602;Prepared mixed meat/fish canned, salad;8.06;6.4;5.3;1.9;0.6;0.2
3;1;101;starters and dishes;mixed salads;25605;Greek-style marinated mushrooms, ;2.08;3.95;3.55;2.38;1;0.3
4;1;101;starters and dishes;mixed salads;25606;Prepared potatoes salad, home-made;2.68;9.9;8.2;0;0;0
5;1;101;starters and dishes;mixed salads;25608;Tabbouleh, ;4.88;23.7;6.7;4.9;1.5;0.2
6;1;101;starters and dishes;mixed salads;25609;Potato salad, piémontaise-style, ;4.5;8.87;8.3;1.2;0.7;0.2
7;1;101;starters and dishes;mixed salads;25614;Prepared rice salad, canned;5.13;16.1;4.35;1;0;0
8;1;101;starters and dishes;mixed salads;25615;Prepared pasta salad, vegetarian;5.7;13.7;8.1;2.3;0.6;0
9;1;101;starters and dishes;mixed salads;25616;Salad, vegetable, without dressing (average);0.94;3.07;0.7;2.27;1.02;0.085
10;1;101;starters and dishes;mixed salads;25619;Prepared pasta salad, with vegetable, meat or fish, ;5.19;14;9.94;2.16;0.86;0
11;1;101;starters and dishes;mixed salads;25626;Mixed diced vegetables salad, w sauce, ;2.81;7;9.3;2.3;0.3;0.3
12;1;101;starters and dishes;mixed salads;25628;Caesar's salad (salad, chicken, croûtons, sauce), ;8.13;4.88;10;1.71;0.51;0.2
13;1;101;starters and dishes;mixed salads;25629;Salad, veggie, bulgur and/or quinoa-based, with vegetables, ;3.79;17.4;8.3;4.61;1.9;0.1
14;1;101;starters and dishes;mixed salads;26257;Grated carrots, w sauce, ;0.98;6.01;5;5.2;0.77;0.2
15;1;101;starters and dishes;mixed salads;26258;Beetroot salad, w sauce, ;1.29;7.45;4.94;5.3;0.5;0.051
16;1;101;starters and dishes;mixed salads;26259;Coleslaw, w sauce, ;0.94;5.78;8.1;4.72;1.06;0.2
17;1;101;starters and dishes;mixed salads;26260;Cucumber salad, w fresh cream cheese sauce, ;1.1;1.97;11.3;1.39;0;0
18;1;101;starters and dishes;mixed salads;26261;Lentil salad w smoked sausage, ;7;8.9;11.8;0.9;0;0
19;1;101;starters and dishes;mixed salads;26262;Greec salad, w sauce, ;2;1.4;7.1;1.4;0;0
20;1;101;starters and dishes;mixed salads;26263;Rice salad, nicoise style, w sauce, ;4.45;15.8;6.08;1.35;0.48;0
21;1;101;starters and dishes;mixed salads;26269;Tabbouleh with chicken, ;6.4;20.6;7.45;2.48;0.8;0.2
22;1;102;starters and dishes;soups;25900;Soup, lentils to be reheated;3.74;6.6;1.12;0.7;0;0
23;1;102;starters and dishes;soups;25901;Soup, chicken and vegetables to be reheated;3.09;2.6;0.8;1.2;0;0
24;1;102;starters and dishes;soups;25903;Soup, mixed vegetables to be reheated;0.76;5.05;1.56;1.72;0.29;0.2
25;1;102;starters and dishes;soups;25904;Soup, fish and/or crustacean to be reheated;3.45;2.88;1.79;0.9;0.3;0.3
26;1;102;starters and dishes;soups;25905;Soup, mixed vegetables, dehydrated and reconstituted;0.86;4.43;1.22;1.07;0.2;0.2
27;1;102;starters and dishes;soups;25907;Soup, leek and potato to be reheated;0.79;4.46;1.51;0.81;0.3;0.2
28;1;102;starters and dishes;soups;25908;Soup, chicken and vermicelli to be reheated;1.3;3.86;1;0.77;0;0
29;1;102;starters and dishes;soups;25909;Broth, stock or bouillon, meat and vegetables, dehydrated and reconstituted;0.2;0.1;0.4;0;0;0
30;1;102;starters and dishes;soups;25910;Soup, onions to be reheated;1.35;4.93;1.4;1.5;0;0
31;1;102;starters and dishes;soups;25912;Soup, mushrooms to be reheated;0.81;4.09;3.07;0.91;0;0
32;1;102;starters and dishes;soups;25913;Soup, carrots to be reheated;0.61;3.89;1.41;1.82;0;0
33;1;102;starters and dishes;soups;25914;Soup, tomatoes to be reheated;0.74;6.27;0.99;2.95;0.8;0.2
34;1;102;starters and dishes;soups;25915;Soup, chorba frik, w meat and frik;3.75;5.4;2.5;0.9;0;0
35;1;102;starters and dishes;soups;25916;Soup, minestrone to be reheated;1.2;5.6;2;1.7;0;0
36;1;102;starters and dishes;soups;25917;Soup, pistou (basil, garlic and olive oil), dehydrated and reconstituted;1.2;5.2;0.35;1.2;0;0
37;1;102;starters and dishes;soups;25919;Soup, fish and/or crustacean, dehydrated and reconstituted;0.91;5.09;0.5;1.06;0;0
38;1;102;starters and dishes;soups;25923;Soup, Asian-style with noodles, dehydrated and reconstituted;0.97;5.25;0.44;1.21;0;0
39;1;102;starters and dishes;soups;25924;Soup, Moroccan, dehydrated and reconstituted;1.2;5.77;0.55;1.49;0;0
40;1;102;starters and dishes;soups;25925;Soup, leek and potato, dehydrated and reconstituted;0.63;4.84;0.41;0.91;0;0
41;1;102;starters and dishes;soups;25928;Soup, chicken and vegetables, dehydrated and reconstituted;0.99;4.58;0.44;0.55;0;0
42;1;102;starters and dishes;soups;25930;Broth, stock or bouillon, beef, dehydrated and reconstituted;0.6;1.33;0.15;0.33;0;0
43;1;102;starters and dishes;soups;25932;Soup, asparagus, dehydrated and reconstituted;0.6;5.14;1.31;0.99;0;0
44;1;102;starters and dishes;soups;25933;Soup, tomatoes and vermicelli to be reheated;1.1;5.87;0.8;3.43;0;0
45;1;102;starters and dishes;soups;25934;Soup, cereals and vegetables, dehydrated and reconstituted;1.4;6.8;1.4;1.2;0;0
46;1;102;starters and dishes;soups;25935;Soup, tomatoes, dehydrated and reconstituted;0.76;5.79;0.97;2.44;0.68;0.2
47;1;102;starters and dishes;soups;25936;Soup, mushrooms, dehydrated and reconstituted;0.65;4.37;1.79;0.63;0.2;0.2
48;1;102;starters and dishes;soups;25942;Soup, onions, dehydrated and reconstituted;0.58;4.37;0.4;1.3;0;0
49;1;102;starters and dishes;soups;25945;Soup, pumpkin to be reheated;0.67;4.13;1.56;2.37;0.3;0.2
50;1;102;starters and dishes;soups;25947;Broth, stock or bouillon, poultry, dehydrated and reconstituted;0.6;0.5;0.13;0.18;0;0
51;1;102;starters and dishes;soups;25948;Broth, stock or bouillon, vegetables, dehydrated and reconstituted;0.34;0.65;0.16;0.19;0;0
52;1;102;starters and dishes;soups;25949;Soup, tomato and vermicelli, dehydrated and reconstituted;0.63;4.21;0.18;0.72;0.24;0.2
53;1;102;starters and dishes;soups;25950;Soup, chicken and vermicelli, dehydrated and reconstituted;0.75;3.87;0.25;0.31;0.2;0.2
54;1;102;starters and dishes;soups;25953;Soup, pistou (basil, garlic and olive oil) to be reheated;2;4.1;0.5;0.25;0.2;0
55;1;102;starters and dishes;soups;25954;Soup, pumpkin, dehydrated and reconstituted;0.79;5.61;1.24;2.64;0;0
56;1;102;starters and dishes;soups;25955;Soup, Asian-style with noodles to be reheated;0.7;3.4;0.5;0.5;0;0
57;1;102;starters and dishes;soups;25956;Soup, minestrone, dehydrated and reconstituted;1.14;5.53;0.34;1.07;0;0
58;1;102;starters and dishes;soups;25957;Soup, watercress, dehydrated and reconstituted;0.42;3.95;0.8;0.31;0;0
59;1;102;starters and dishes;soups;25958;Soup, watercress to be reheated;1;5.4;0.8;0.9;0;0
60;1;102;starters and dishes;soups;25962;Soup, vegetables with cheese to be reheated;1.34;5.09;2.51;1.62;0;0
61;1;102;starters and dishes;soups;25963;Soup, green vegetables to be reheated;1;3.84;1.32;0.81;0.2;0.2
62;1;102;starters and dishes;soups;25964;Soup, green vegetables, dehydrated and reconstituted;0.72;5.31;1.07;1.07;0.2;0.2
63;1;102;starters and dishes;soups;25965;Soup, split peas to be reheated;2.68;6.25;1.98;1.02;0;0
64;1;102;starters and dishes;soups;25967;Soup, gazpacho, cold, ;0.65;3.38;1.62;2.32;1.12;0.2
65;1;102;starters and dishes;soups;25968;Soup, asparagus to be reheated;4.6;4.7;10.4;2.9;0;0
66;1;102;starters and dishes;soups;25969;Soup (average);1.27;4.5;1.37;1.6;0.4;0.15
67;1;102;starters and dishes;soups;25972;Miso soup, dehydrated, reconstituted;1.38;2.18;0.5;0.69;0.69;0.2
69;1;103;starters and dishes;dishes;8602;Caen-style tripe, ;18.4;0.7;3.62;0.5;0;0
70;1;103;starters and dishes;dishes;8612;Provencal-type tripe (with tomato);15.7;0.6;3.2;0.4;0.2;0
71;1;103;starters and dishes;dishes;25001;Veal stew in white sauce;15.4;3.1;4;0.3;0.2;0.2
72;1;103;starters and dishes;dishes;25033;Burgundy-style beef stew;8.93;4.17;3.3;1.57;0;0
73;1;103;starters and dishes;dishes;25035;Sauté of lamb w curry, ;10.5;0;13.9;0;0;0
74;1;103;starters and dishes;dishes;25058;Duck with sauce (green pepper sauce, hunter-style sauce,etc,) , ;9.55;10.2;7.3;0;0;0
75;1;103;starters and dishes;dishes;25063;Rabbit with mustard sauce, ;14.9;0.5;5;0.5;0;0
76;1;103;starters and dishes;dishes;25121;Cockerel in red wine sauce;13;4;7;1;0;0
77;1;103;starters and dishes;dishes;25125;Veal olive or veal paupiette;14.5;2.6;13.8;0.41;0;0
78;1;103;starters and dishes;dishes;25126;Poultry paupiette;23.9;8.8;3.4;0;0;0
80;1;103;starters and dishes;dishes;25174;Chicken with curry and coconut milk sauce;10.6;3.15;6.9;1.49;0.45;0.22
81;1;103;starters and dishes;dishes;25175;Molokhia, jute and beef-based meal, home-made;10.6;1.2;14.7;1.2;0;0
82;1;103;starters and dishes;dishes;25200;Devilled pork shoulder in mustard sauce, ;13.5;2.08;6.07;1.38;0;0
83;1;103;starters and dishes;dishes;25201;Beef tongue with Madeira wine sauce, ;9.5;4.5;13.5;2.5;0;0
84;1;103;starters and dishes;dishes;25207;Pork with caramel sauce, ;10;11.4;5.4;7.9;2.7;0.2
85;1;103;starters and dishes;dishes;25211;Meat balls, beef, with tomato sauce, ;9;5.5;6.5;0;0;0
86;1;103;starters and dishes;dishes;25213;Veal paupiette cooked in oven;22;0.48;20.5;0.3;0.3;0.2
87;1;103;starters and dishes;dishes;25538;Beef carpaccio, w marinade;15.2;0.55;23;0.5;0;0
88;1;103;starters and dishes;dishes;25565;Yakitori (grilled meat on skewers, Japanese-style, with sauce);26;9.3;3.3;6.6;1.4;0.2
89;1;103;starters and dishes;dishes;25585;Beef on skewer, with vegetables (onion, sweet pepper…), cooked;21.9;0.33;5.2;0;0;0
90;1;103;starters and dishes;dishes;25586;Poultry on skewer, with vegetables (onion, sweet pepper…), cooked;23.1;1.39;4;0;0;0
91;1;103;starters and dishes;dishes;25009;Shepherd's pie or cottage pie with meat, ;5.99;9.39;8.22;1.47;0.18;0.94
92;1;103;starters and dishes;dishes;25029;Couscous w mutton;8.31;12.2;7.2;1.38;0;0
93;1;103;starters and dishes;dishes;25043;Couscous with meat or chicken, light, ;5.9;11.5;1.9;2.1;0;0
94;1;103;starters and dishes;dishes;25057;Pre-fried potatoes, pan-fried, lardoons or chicken, and other, without green vegetables, ;3.2;16.2;9.6;1.7;0.6;0.2
95;1;103;starters and dishes;dishes;25127;Couscous royal (with different meats), ;7.69;14;4.53;1.57;0.48;0.1
96;1;103;starters and dishes;dishes;25138;Couscous w chicken;7.5;15.6;3.85;2.87;0;0
97;1;103;starters and dishes;dishes;25152;Couscous w meat, ;7.59;12.5;4.73;1.97;0.6;0.1
98;1;103;starters and dishes;dishes;25195;Shepherd's pie with duck, ;6.82;8.51;9.06;1.96;0.3;0
99;1;103;starters and dishes;dishes;25587;Shepherd's pie with duck cooked;7;10.5;10.2;1.7;0.2;1.7
100;1;103;starters and dishes;dishes;25002;White bean stew, canned;8.06;9.41;5.77;1.06;0.2;0
101;1;103;starters and dishes;dishes;25003;Sauerkraut, with garnish, ;5.06;2.8;8.06;0.66;0.28;0
102;1;103;starters and dishes;dishes;25010;Salt-cured pork belly with lentils, ;8.24;8.89;4.87;1.51;0.22;0
103;1;103;starters and dishes;dishes;25013;Boiled meat with vegetables, ;10.9;3.2;2.02;1.5;0.4;0
104;1;103;starters and dishes;dishes;25065;Beef stew with carrots;13.2;3.3;3.15;0.6;0;0
105;1;103;starters and dishes;dishes;25071;Pork sausage stew with cabbage, carrots and potatoes;6;3.7;4.3;0.86;0.37;0
106;1;103;starters and dishes;dishes;25098;White bean stew, with pork, canned;8.3;8.6;6.3;1.8;0;0
107;1;103;starters and dishes;dishes;25099;White bean stew, with duck or goose, canned;10.5;10.1;7.86;1.09;0.2;0
108;1;103;starters and dishes;dishes;25103;Stuffed tomatoes;5.49;2;9.67;0.88;0.41;0.3
109;1;103;starters and dishes;dishes;25106;Stuffed cabbage, ;5.3;2;6.6;2;0.88;0.3
110;1;103;starters and dishes;dishes;25111;Chili con carne, ;7.13;13;3.35;2.58;0.42;0
111;1;103;starters and dishes;dishes;25123;Moussaka;5.82;5.16;10.8;3.01;0.91;0.29
112;1;103;starters and dishes;dishes;25124;Stewed lamb garnished with potatoes and other vegetables;8.05;5;8.61;0.9;0;0
113;1;103;starters and dishes;dishes;25159;Mutton tagine;12.8;4.5;6.83;2.4;0;0
114;1;103;starters and dishes;dishes;25164;Osso buco;11.2;3.5;4.08;1.1;0;0
115;1;103;starters and dishes;dishes;25190;Chicken, Basque style, ;9.3;2.5;6.4;2;0;0
116;1;103;starters and dishes;dishes;25204;Chicken tagine, ;7.54;14.4;3.7;6.8;3.2;0.2
117;1;103;starters and dishes;dishes;25205;Chop suey (pork or chicken), ;5;7.8;3;0;0;0
118;1;103;starters and dishes;dishes;25511;Stuffed vegetables (excluding tomato);6.4;3.6;3;2.59;0;0
119;1;103;starters and dishes;dishes;10082;Mussels, in a shallot and white wine broth;10.3;7.43;2.24;1.05;0.3;0
120;1;103;starters and dishes;dishes;10083;Mussels, filled (fat, parsley and garlic…), ;9.56;4.43;24.8;0.3;0.2;0.3
121;1;103;starters and dishes;dishes;25037;Fish or seafood au gratin, intended to be cook, ;6.13;8.39;5.1;2.48;0.34;1.64
122;1;103;starters and dishes;dishes;25038;Fish and shrimp 'au gratin', previously frozen, ;6.69;5.28;7.5;1.6;0.28;0.75
123;1;103;starters and dishes;dishes;25077;Salmon with sorrel, ;8.36;7.43;7.65;0.58;0.3;0
124;1;103;starters and dishes;dishes;25086;Fish w bordelaise sauce, ;14.8;5.3;10.4;1.09;0.26;0.17
125;1;103;starters and dishes;dishes;25128;White fish with Provencal-style sauce (tomato sauce), ;9.31;3.1;2.3;2;0.79;0.1
126;1;103;starters and dishes;dishes;25140;White fish with Florentine-style sauce (spinach sauce), ;11.4;2.9;4.35;1.95;0;0
127;1;103;starters and dishes;dishes;25141;White fish with shallots, mussels and white wine sauce, ;11.5;2.2;2.8;0;0;0
128;1;103;starters and dishes;dishes;25142;White fish with mustard sauce, ;9.2;5.4;3.6;0;0;0
129;1;103;starters and dishes;dishes;25143;White fish with Parisian-style sauce (mushrooms sauce), ;9.16;3;3.25;0.86;0.1;0.1
130;1;103;starters and dishes;dishes;25145;White fish with tarragon sauce, ;8.8;4.2;2.8;0;0;0
131;1;103;starters and dishes;dishes;25146;White fish with sorrel sauce, ;11.8;3.9;5.5;1.65;0.14;0.7
132;1;103;starters and dishes;dishes;25210;Stuffed salmon, ;18.8;0.4;16.2;0.4;0;0
133;1;103;starters and dishes;dishes;25539;Fish on skewer;18;0.86;5.71;0.85;0;0
134;1;103;starters and dishes;dishes;25540;Shrimps on skewer;18.5;1.5;1.5;0;0;0
135;1;103;starters and dishes;dishes;26054;Fish, in sauce, frozen;13.3;3.18;7.05;1.3;0;0
136;1;103;starters and dishes;dishes;26140;Fish, cooked (average);23.5;0;5.52;0;0.0015;0.0015
137;1;103;starters and dishes;dishes;26249;Fish, white, without skin, cooked;22;0;2.18;0;0;0
138;1;103;starters and dishes;dishes;26250;Marine fish, white, without skin, cooked;22.1;0;2;0;0;0
139;1;103;starters and dishes;dishes;25031;Paëlla;7.86;17.1;4.9;1.2;0.43;0.2
140;1;103;starters and dishes;dishes;25107;Couscous w fish;7.5;14.2;1.6;1.7;0;0
141;1;103;starters and dishes;dishes;25154;Fish brandade or fish shepherd's pie, ;6.39;8.57;6.15;1.62;0.23;0.73
142;1;103;starters and dishes;dishes;25456;Sushi or maki with seafood products;6.69;26.9;3.7;4.93;2.28;0.1
143;1;103;starters and dishes;dishes;8296;Vegetable terrine or mousse;4.05;5.6;9.56;1.77;0;0
144;1;103;starters and dishes;dishes;8297;Vegetable flan;5.38;4.13;18.6;2.06;0.46;1.01
145;1;103;starters and dishes;dishes;20194;Haricot beans with tomato sauce, canned;4.67;10.1;0.4;1.65;0.3;0
146;1;103;starters and dishes;dishes;20240;Piperade, Basque-style (fondue of sweet peppers and tomatoes flavoured with onions and garlic), ;1.1;6.5;3.8;4.9;1.74;0.2
147;1;103;starters and dishes;dishes;20262;Vegetables pan-fried without mushrooms, frozen, raw;2.6;12.1;1.77;1.5;0.34;0
148;1;103;starters and dishes;dishes;20273;Vegetables pan-fried or stir-fried, Asian-style, frozen, raw;3.13;5.83;3.93;3.1;0;0
149;1;103;starters and dishes;dishes;20274;Grilled vegetables pan-fried, Mediterranean-style, frozen, raw;1.61;4.33;1.77;2.66;1;0.3
150;1;103;starters and dishes;dishes;20498;Vegetables pan-fried with mushrooms (country-style), frozen;1.89;3.59;1.21;1.81;0.82;0
151;1;103;starters and dishes;dishes;25018;Ratatouille cooked, ;1.22;4.97;3.15;3.91;1.5;0.2
152;1;103;starters and dishes;dishes;25026;Spinach w cream sauce, ;2.5;4.1;2.9;1.19;0.1;1.07
153;1;103;starters and dishes;dishes;25052;Eggplant au gratin(oven grilled);1.95;5.45;8.68;3.8;0;0
154;1;103;starters and dishes;dishes;25056;"Dauphiné-style creamed potatoes ""au gratin""";3.38;14.5;4.2;2.08;0.26;0.94
155;1;103;starters and dishes;dishes;25073;Chicory w ham;7.44;4.71;6.3;1.98;0.66;1.08
156;1;103;starters and dishes;dishes;25101;Cauliflower au gratin (oven grilled), ;3;3.3;6.5;0.88;0.38;0
157;1;103;starters and dishes;dishes;25162;Vegetables au gratin (oven grilled);3.44;6.91;6.7;3.42;0.66;1.58
158;1;103;starters and dishes;dishes;25196;Riste (Eggplant, tomatoes, onions), ;1.05;10.6;10.4;5.2;1.5;0
159;1;103;starters and dishes;dishes;25199;Vegetable rosti, pre-fried, frozen;3.29;10.7;5.44;3.34;0.47;0
160;1;103;starters and dishes;dishes;25208;Vegetable rosti, pre-fried, frozen, cooked;3.31;8.45;5.7;3;0.8;0.7
161;1;103;starters and dishes;dishes;25220;Sauerkraut, without garnish, drained, cooked;1.38;0.1;6.6;0.2;0.2;0.2
162;1;103;starters and dishes;dishes;25524;Provencal-style tomato (breaded tomatoes stuffed with garlic and parsley), home-made;1.65;6.55;4.32;2.71;0;0
163;1;103;starters and dishes;dishes;25556;Vegetable fritters;3.52;23;8.52;3.03;0;0
164;1;103;starters and dishes;dishes;25571;Falafel;8.25;18.7;14.4;1.4;0.3;0.2
165;1;103;starters and dishes;dishes;25588;Vegetables au gratin (oven grilled) in bechamel sauce;3.64;6.74;6.5;3.2;0.58;1.55
166;1;103;starters and dishes;dishes;25590;Falafel, ;7.38;17.7;10.8;3.57;0.55;0.1
167;1;103;starters and dishes;dishes;9082;Durum wheat, pre-cooked, cooked, in a microwaveable bag;4.93;29.5;4.84;2.21;0;0
168;1;103;starters and dishes;dishes;9083;Durum wheat pre-cooked, whole grain, cooked, to pan-fry;11.1;67.2;1.59;2.64;0;0
169;1;103;starters and dishes;dishes;25019;Ravioli filled with meat, in tomato sauce, canned;4.22;12.5;2.83;2.23;0.63;0.2
170;1;103;starters and dishes;dishes;25081;Lasagna or cannelloni with meat (bolognese sauce);6.29;13.5;5.72;2.84;0.58;0.74
171;1;103;starters and dishes;dishes;25085;Bolognese-style pasta (spaghetti, tagliatelle…);5.32;13.6;4.07;2.64;0.72;0.075
172;1;103;starters and dishes;dishes;25088;Cantonese rice;5.46;23.6;4.94;1.28;0.075;0.1
173;1;103;starters and dishes;dishes;25110;Dumplings, steamed, with shrimps, cooked;5.5;27.8;5.5;1.1;0.2;0.2
174;1;103;starters and dishes;dishes;25122;Pasta au gratin (oven grilled);7.06;16.4;9.2;2.19;0.2;1.47
175;1;103;starters and dishes;dishes;25131;Lasagna or cannelloni with vegetables, ;2.75;11;4.85;4.75;1.43;0.1
176;1;103;starters and dishes;dishes;25135;Carbonara-style pasta (spaghetti, tagliatelle…);5.91;14.2;8.7;1.79;0.094;0.26
177;1;103;starters and dishes;dishes;25139;Lasagna or cannelloni with fish, ;7.28;13;7.1;2.03;0.3;0
178;1;103;starters and dishes;dishes;25149;Fresh pasta, stuffed with cheese (e,g, ravioli), cooked;10;26.8;8.3;4.4;0.17;0.96
179;1;103;starters and dishes;dishes;25150;Couscous with vegetables, ;4.32;16.4;2.25;2.54;0;0
180;1;103;starters and dishes;dishes;25155;Fresh pasta, stuffed with cheese and vegetables (e,g, ravioli), cooked, ;7.94;27.8;7.5;3.53;0.39;1.93
181;1;103;starters and dishes;dishes;25157;Fresh pasta, stuffed with meat (e,g, bolognese-style ravioli) raw;11.4;40.3;5.79;3.91;0.44;0
182;1;103;starters and dishes;dishes;25158;Fresh pasta, stuffed with meat (e,g, bolognese-style ravioli) cooked;6.94;25.1;4.65;1;0.2;0.4
183;1;103;starters and dishes;dishes;25181;Fresh pasta, stuffed with cheese (e,g, ravioli raw;11.3;37.3;7.69;3.83;0.5;0.5
184;1;103;starters and dishes;dishes;25182;Fresh pasta, stuffed with cheese and vegetables (e,g, ravioli) raw;9.98;41.4;5.69;3.46;0.16;0
185;1;103;starters and dishes;dishes;25183;Noodles with shrimps sautéed/pan-fried;4.88;12.6;3.4;1.7;0.4;0.2
186;1;103;starters and dishes;dishes;25184;White rice, with chicken cooked;4.23;31.5;3.19;3.48;0;0
187;1;103;starters and dishes;dishes;25185;White rice, cooked, with vegetables and meat, ;4.61;28.3;3.57;1.91;0;0
188;1;103;starters and dishes;dishes;25187;Risotto, w vegetables, ;2.74;18.4;3.8;0.85;0.18;0.36
189;1;103;starters and dishes;dishes;25188;Risotto, w seafood, ;5.47;12.5;6.07;2.02;0;0
190;1;103;starters and dishes;dishes;25189;Risotto, w cheeses, ;5.65;30.9;5.16;0.58;0;0
191;1;103;starters and dishes;dishes;25192;Ravioli filled with vegetables, in tomato sauce, canned;2.88;13.5;2.45;2.83;0.7;0.2
192;1;103;starters and dishes;dishes;25193;Fresh pasta, stuffed with vegetables (e,g, ravioli) cooked;5.19;20.9;4.9;1.9;0.3;0.8
193;1;103;starters and dishes;dishes;25198;Pasta with cheese sauce (spaghetti, tagliatelle…), ;7.17;15.9;7.4;5.85;0;0
194;1;103;starters and dishes;dishes;25203;Fresh pasta, stuffed with vegetables (e,g, ravioli) raw;9.4;41.4;5.06;3.14;0;0
195;1;103;starters and dishes;dishes;25216;Pasta (e,g, ravioli), filled, cooked;7.98;25.7;6.53;2.82;0.21;0.96
196;1;103;starters and dishes;dishes;25217;Vine leaf stuffed wih rice or dolmas, drained, ;2.5;18.6;6.5;0.8;0.4;0.2
197;1;103;starters and dishes;dishes;25218;Lasagna or cannelloni with vegetables cooked;4.38;11.8;5.9;4.3;1.3;1
198;1;103;starters and dishes;dishes;25219;Lasagna or cannelloni with vegetables and goat cheese cooked;7;14;10.2;2.3;0.38;1.15
199;1;103;starters and dishes;dishes;25635;Lasagna or cannelloni with goat cheese and spinach, ;6.1;11.4;6.6;3.5;0.3;0
200;1;103;starters and dishes;dishes;4041;Mashed potatoes w fresh tome cheese, ;8.06;9.5;13.3;0.57;0.1;0.21
201;1;103;starters and dishes;dishes;19437;Goat cheese, breaded, to grill, ;12.9;15;19.2;3.5;0.4;0.9
202;1;103;starters and dishes;dishes;25020;Cheese soufflé;12.9;3.8;12.6;1.77;0;0
203;1;103;starters and dishes;dishes;25137;Tartiflette (cheese fondue), ;6;13.5;8.9;1.25;0.41;0.49
204;1;103;starters and dishes;dishes;25437;Small cheese chou-pastry puff;16.2;22.7;26.6;0.56;0.11;0.1
205;1;103;starters and dishes;dishes;25509;Savoy-style fondue cheese preparation (cheese, wine ,,,), ;16.2;2.6;17.2;1.1;0;0
206;1;103;starters and dishes;dishes;25546;Cheese and ham, breaded;17.4;15.3;14.6;1.5;0;0
207;1;103;starters and dishes;dishes;20914;Soy burger or vegetable escalope;15.5;8.7;14.7;2.3;0.7;0.2
208;1;103;starters and dishes;dishes;20917;Tempeh;16.1;7.89;4.7;0.24;0.11;0.1
209;1;103;starters and dishes;dishes;25225;Wheat-based nuggets (wo soybean);12.6;22.4;14.9;1.33;0.22;0.1
210;1;103;starters and dishes;dishes;25226;Soybean and wheat-based nuggets (not vegan);14.1;18.5;12.6;3.17;0.49;0.1
211;1;103;starters and dishes;dishes;25227;Soybean and wheat-based nuggets (vegan);15.5;19.7;10.9;1.75;0.23;0.1
212;1;103;starters and dishes;dishes;25228;Schnitzel, soybean and wheat-based (not vegan);14.4;16.8;13.9;1.28;0.2;0.1
213;1;103;starters and dishes;dishes;25230;Schnitzel, soybean, wheat and cheese-based, cordon bleu-style;15.2;15.1;13.1;2.05;0.39;0.27
214;1;103;starters and dishes;dishes;25231;Ravioli filled with tofu, w tomato sauce;3.13;12.5;2.7;3.14;0.88;0.1
215;1;103;starters and dishes;dishes;25233;Cereal burger with cheese (without soybean);7;27.8;10.3;2.86;0.72;0.1
216;1;103;starters and dishes;dishes;25234;Cereal burger with végétables (without soybean);5.31;28;7.6;3.66;0.7;0.1
217;1;103;starters and dishes;dishes;25589;Plant-based ball with wheat and/or soybean;17.6;7.98;10.6;3.47;1.03;0.1
218;1;103;starters and dishes;dishes;25591;Plant-based burger or steak from lentil, soybean and vegetables;9.71;16.7;5.6;2.77;0.63;0.1
219;1;103;starters and dishes;dishes;25592;Plant-based burger or steak from wheat (seitan) and vegetables;12.5;20.8;7.1;3.97;0.49;0.1
220;1;103;starters and dishes;dishes;25593;Plant-based burger or steak from wheat and soybean (vegan);16;8.15;11;1.87;0.4;0.1
221;1;103;starters and dishes;dishes;25594;Plant-based burger or steak from wheat and soybean (not vegan);10.2;13.3;10.2;2.62;1.03;0.1
222;1;103;starters and dishes;dishes;25595;Plant-based burger or steak from soybean and cheese;16.8;6.08;12;0.75;0.2;0.1
223;1;103;starters and dishes;dishes;25596;Plant-based burger or steak from soybean and vegetables;13.1;8.36;8.1;3.45;0.97;0.1
224;1;103;starters and dishes;dishes;25597;Plant-based burger or steak from soybean, cheese and vegetables;15.1;7.72;9.1;2.03;0.63;0.1
225;1;103;starters and dishes;dishes;30181;Soy-based minced;11.5;7.01;5.8;4.19;1.16;0.1
226;1;104;starters and dishes;pizzas, crepe and pies;25404;Pizza, cheese and tomato or Margherita pizza, ;8.93;29.6;7.64;2.72;0.7;0.2
227;1;104;starters and dishes;pizzas, crepe and pies;25405;Quiche Lorraine (eggs and lardoons quiche), ;8.96;21;16.8;2.67;0.25;1.69
228;1;104;starters and dishes;pizzas, crepe and pies;25409;Crepe, filled with ham, ;5.75;18.7;4;1.89;0;0
229;1;104;starters and dishes;pizzas, crepe and pies;25410;Crepe or buckwheat crepe, filled with cheese, ham and bechamel sauce, ;8.83;19.1;7.5;1.7;0.2;0
230;1;104;starters and dishes;pizzas, crepe and pies;25411;Crepe or buckwheat crepe, filled with mushrooms and bechamel sauce, ;4.83;20.7;5.02;2.7;0;0
231;1;104;starters and dishes;pizzas, crepe and pies;25417;Vegetables tart, ;5;21.8;11.7;3.2;0;0
232;1;104;starters and dishes;pizzas, crepe and pies;25435;Pizza, ham and cheese, ;10.3;28;6.69;2.91;0.53;0
233;1;104;starters and dishes;pizzas, crepe and pies;25444;Cheese tart, ;10.3;20.7;18;1.63;0.083;1.35
234;1;104;starters and dishes;pizzas, crepe and pies;25454;Provencal-style tart, ;5.5;20;14.3;2.9;0;0
235;1;104;starters and dishes;pizzas, crepe and pies;25457;Pizza, bolognese-style w meat, ;10.3;27.2;8.03;2.94;1.03;0
236;1;104;starters and dishes;pizzas, crepe and pies;25459;Burritos;8;14.3;8.5;1.9;0.86;0.2
237;1;104;starters and dishes;pizzas, crepe and pies;25460;Fajitas;12.7;16;4.5;2.2;0.7;0.2
238;1;104;starters and dishes;pizzas, crepe and pies;25462;Pizza, chorizo or salami, ;10.4;26.5;10.7;3.29;0.6;0
239;1;104;starters and dishes;pizzas, crepe and pies;25463;Pizza, seafood, ;10.3;24.6;6.65;1.5;0;0
240;1;104;starters and dishes;pizzas, crepe and pies;25464;Pizza, salmon, ;10.1;26.7;8.78;3.04;0.59;0.2
241;1;104;starters and dishes;pizzas, crepe and pies;25468;Pizza, goat cheese and lardoons, ;10.7;26.9;9.96;3.17;0.8;0
242;1;104;starters and dishes;pizzas, crepe and pies;25472;Pizza, vegetables or pizza 4 seasons, ;8.48;25.7;8;3.62;0.79;0.2
243;1;104;starters and dishes;pizzas, crepe and pies;25477;Pizza, cheese and mushrooms, ;7.8;31.6;6.1;1.9;0;0
244;1;104;starters and dishes;pizzas, crepe and pies;25478;Pizza, four cheeses, ;13.1;28.2;10.5;2.61;0.44;0.15
245;1;104;starters and dishes;pizzas, crepe and pies;25516;Pizza (average);10.7;27.3;8.39;2.93;0.6;0.14
246;1;104;starters and dishes;pizzas, crepe and pies;25528;Pizza, onion anchovy and black olives, ;6.4;33.8;13.1;2.9;0;0
247;1;104;starters and dishes;pizzas, crepe and pies;25529;Onion tart, ;7;23.5;17.2;5.63;0;0
248;1;104;starters and dishes;pizzas, crepe and pies;25548;Pizza, ham cheese and mushrooms, ;9.54;25.7;6.66;3.16;0.78;0.3
249;1;104;starters and dishes;pizzas, crepe and pies;25549;Crepe or buckwheat crepe, filled with cheese and bechamel sauce, ;6.02;17.7;5.75;3.86;0;0
250;1;104;starters and dishes;pizzas, crepe and pies;25550;Flamed tart (thin-crusted onion tart with cream and lardoons), ;8.81;31.8;14.8;4.15;0.55;1.41
251;1;104;starters and dishes;pizzas, crepe and pies;25552;Crepe or buckwheat crepe, filled with cheese, ham, mushrooms and bechamel sauce, ;8.3;16.6;6.3;2.7;0;0
252;1;104;starters and dishes;pizzas, crepe and pies;25553;Leek tart or pie, ;5.76;21.6;14.3;2.34;0.6;1
253;1;104;starters and dishes;pizzas, crepe and pies;25555;Salmon tart, ;8.53;21;10.5;1.63;0.3;0.4
254;1;104;starters and dishes;pizzas, crepe and pies;25560;Riesling wine and pork pie, ;10.2;23.7;12.6;2.25;0;0
255;1;104;starters and dishes;pizzas, crepe and pies;25561;Tomato tart, ;5.17;19.3;12.8;4.2;1.7;0.2
256;1;104;starters and dishes;pizzas, crepe and pies;25562;Crepe or buckwheat crepe, filled with egg, ham and cheese, ;12.7;15.2;9.8;1.1;0.2;0.2
257;1;104;starters and dishes;pizzas, crepe and pies;25564;Scallops tart, ;8.25;24.2;14.5;2.5;0;0
258;1;104;starters and dishes;pizzas, crepe and pies;25568;Pastilla, filled with chicken (pie), ;12.3;14.1;12.2;3.85;0.53;0.1
259;1;104;starters and dishes;pizzas, crepe and pies;25570;Pizza, lardoons onions and cheese, ;11.2;27.7;10.6;3.7;0;0
260;1;104;starters and dishes;pizzas, crepe and pies;25572;Crepe or buckwheat crepe, filled with scallops, ;7.7;15.8;8;2.8;0;0
261;1;104;starters and dishes;pizzas, crepe and pies;25573;Savoury tart (average food);8.11;22.7;15.6;3.14;0.55;1.27
262;1;104;starters and dishes;pizzas, crepe and pies;25581;Crepe or buckwheat crepe, filled with mushrooms and bechamel sauce cooked;5.5;18.5;7.7;3.16;0.29;2.3
263;1;104;starters and dishes;pizzas, crepe and pies;25623;Maroilles cheese tart or maroilles cheese flamiche, ;14.1;22.1;18.3;2.8;0;0
264;1;104;starters and dishes;pizzas, crepe and pies;25625;Crepe or buckwheat crepe, filled with fish and/or seafood, ;8.5;14.3;12.4;2.4;0;0
265;1;104;starters and dishes;pizzas, crepe and pies;26256;Ham and mushroom pancake in cheese sauce, dehydrated, reconstituted;8.6;11.9;7.5;2.7;0;0
266;1;104;starters and dishes;pizzas, crepe and pies;26267;Goat cheese and spinach tart, ;7.08;22.2;13.6;3;0.2;1.4
267;1;104;starters and dishes;pizzas, crepe and pies;26268;Squid and spicy tomato sauce pie, ;8.15;30.9;16;5.05;1;0.1
268;1;104;starters and dishes;pizzas, crepe and pies;26270;Pizza, tuna, ;10.8;23.3;8.78;3.47;0;0
269;1;104;starters and dishes;pizzas, crepe and pies;26271;Pizza, kebab, ;9.4;26.6;7.01;3.04;0;0
270;1;104;starters and dishes;pizzas, crepe and pies;26272;Pizza, chicken, ;9.95;27.5;6.68;2.96;0.4;0
271;1;104;starters and dishes;pizzas, crepe and pies;26273;Pizza with raclette or tartiflette cheese and lardoons, ;11.8;27.5;12.7;2.77;0;0
272;1;104;starters and dishes;pizzas, crepe and pies;26274;Pizza, cured ham, ;12.2;25.7;9.43;3.47;0.47;0
273;1;105;starters and dishes;sandwiches;7811;Focaccia, filled;8;29.5;8.75;4.25;0;0
274;1;105;starters and dishes;sandwiches;7812;Fougasse, filled;9.53;38.8;11.8;1.47;0;0
275;1;105;starters and dishes;sandwiches;25400;Toasted ham sandwich topped with grated cheese, home-made;14.3;0;18.4;0;0;0
276;1;105;starters and dishes;sandwiches;25428;Sandwich made with pita bread, kebab and raw vegetables;15.2;17.4;10.9;1.1;0.2;0.2
277;1;105;starters and dishes;sandwiches;25429;Sandwich made with French bread, kebab and raw vegetables;15;23.6;9.8;2.6;0;0
278;1;105;starters and dishes;sandwiches;25431;Sandwich made with French bread, tuna, raw vegetables (tomato and lettuce) and mayonnaise;10.3;32;11.3;1.4;0;0
279;1;105;starters and dishes;sandwiches;25434;Sandwich made with panini bread, raw cured ham, mozzarella cheese and tomato;14.2;27.2;8.35;0;0;0
280;1;105;starters and dishes;sandwiches;25475;Sandwich made with French bread, hard-boiled egg, raw vegetables (tomato and lettuce) and butter;10.1;30.9;5.98;2.55;0;0
281;1;105;starters and dishes;sandwiches;25476;Sandwich made with French bread, chicken, raw vegetables (lettuce & tomato) and mayonnaise;10;36.3;6.35;3;1;0
282;1;105;starters and dishes;sandwiches;25485;Sandwich made with French bread, ham and emmental cheese, ;13.3;26.9;13.1;2.55;0.28;0
283;1;105;starters and dishes;sandwiches;25488;Sandwich made with French bread, smoked salmon ;11.5;40.8;5.6;2.65;0;0
284;1;105;starters and dishes;sandwiches;25490;Sandwich made with French bread, tuna, sweet corn and raw vegetables, ;8.87;25;6.03;2.83;0.8;0
285;1;105;starters and dishes;sandwiches;25502;Chicken burger ;12.7;23.8;11;2.9;1.16;0.2
286;1;105;starters and dishes;sandwiches;25513;Large round sandwich with lettuce, tuna, anchovy and black olives;7.95;30.3;6.48;3.2;0;0
287;1;105;starters and dishes;sandwiches;25517;Sandwich made with French bread, ham and butter;9.93;33.7;11.5;2.34;1.09;0
288;1;105;starters and dishes;sandwiches;25518;Sandwich made with French bread, camembert cheese and butter;11.9;34.3;16.7;2.18;0;0
289;1;105;starters and dishes;sandwiches;25519;Sandwich made with French bread, pâté and pickles;10.1;32.1;13.9;2.44;0;0
290;1;105;starters and dishes;sandwiches;25520;Sandwich made with French bread, dry sausage and butter;13.7;32;21.6;2.36;0.8;0
291;1;105;starters and dishes;sandwiches;25521;Sandwich made with French bread, ham, emmental cheese and butter;12.2;32.7;10.9;2.87;1.17;0
292;1;105;starters and dishes;sandwiches;25523;Canapés (toasts w various toppings), ;9.09;17.8;13.3;5.75;2;0.4
293;1;105;starters and dishes;sandwiches;25530;Sandwich made with French bread, raw vegetables and mayonnaise;6.54;30;7.9;2.67;0;0
294;1;105;starters and dishes;sandwiches;25531;Sandwich made with French bread, turkey, raw vegetables (lettuce & tomato) and mayonnaise;12.4;30.6;8.82;2.24;0;0
295;1;105;starters and dishes;sandwiches;25532;Sandwich made with French bread, egg, raw vegetables (tomato and lettuce) and mayonnaise;8.52;30.9;9.47;2.38;0;0
296;1;105;starters and dishes;sandwiches;25533;Sandwich made with French bread, pork, raw vegetables (lettuce & tomato) and mayonnaise;12;30.1;10.6;2.3;0;0
297;1;105;starters and dishes;sandwiches;25535;Sandwich made with French bread, merguez sausage, ketchup and mustard;13.1;31;11.4;2.92;0;0
298;1;105;starters and dishes;sandwiches;25536;Sandwich made with French bread, salami and butter;12.5;33.2;21.4;2.01;0;0
299;1;105;starters and dishes;sandwiches;25542;Toasted ham sandwich topped with grated cheese and a fried egg;13.7;16.9;15.5;1.37;0;0
300;1;105;starters and dishes;sandwiches;25544;Sandwich made with loaf bread, various filling, ;11.7;25.1;12.4;3.42;1.06;0
301;1;105;starters and dishes;sandwiches;25547;Grilled cheese & ham sandwich, ;11.3;26.8;12.9;2.14;0.48;0.81
302;1;105;starters and dishes;sandwiches;25574;Sandwich made with wholemeal loaf bread, ham, raw vegetables, cheese (optional), ;10;23.1;11.6;2.43;0;0
303;1;105;starters and dishes;sandwiches;25575;Sandwich made with wholemeal loaf bread, tuna, raw vegetables and mayonnaise, ;9.82;23.1;11.3;2.49;0;0
304;1;105;starters and dishes;sandwiches;25576;Sandwich made with wholemeal loaf bread, ham and cheese, ;12.9;26.1;14.6;7.75;0;0
305;1;105;starters and dishes;sandwiches;25577;Sandwich made with wholemeal loaf bread, chicken, raw vegetables and mayonnaise, ;9.18;23.7;10.4;2.61;0;0
306;1;106;starters and dishes;savoury pastries and other starters;7814;Savoury cake (with cheese, vegetables, meat, fish, poultry,etc,), ;11.6;25.6;18.4;2.68;0.38;0.59
307;1;106;starters and dishes;savoury pastries and other starters;25108;Samosas or samoosas ;9.33;16.5;13.7;2.45;1.09;0.1
308;1;106;starters and dishes;savoury pastries and other starters;25151;Fish or seafood in puff pastry;6.55;26.5;13;4.3;0;0
309;1;106;starters and dishes;savoury pastries and other starters;25169;Chinese specialty or dumplings, ;5.9;28;1.4;3.9;0.88;0.1
310;1;106;starters and dishes;savoury pastries and other starters;25399;Snails in puff pastry, ;6.69;23.1;22.1;1.09;0;0
311;1;106;starters and dishes;savoury pastries and other starters;25401;Cheese in puff pastry;8.25;28.1;17.1;3.86;0.36;1.61
312;1;106;starters and dishes;savoury pastries and other starters;25402;Meat in puff pastry, ;9.59;25.9;22.6;1.17;0.47;0.3
313;1;106;starters and dishes;savoury pastries and other starters;25412;Vol-au-vent, with meat/poultry/quenelle;6.12;23.5;18.9;2.6;0.16;1.06
314;1;106;starters and dishes;savoury pastries and other starters;25418;Croissant filled with ham;7.9;19.2;14.6;2.6;0.67;0
315;1;106;starters and dishes;savoury pastries and other starters;25419;Spring roll;4.57;16.6;1.82;3.6;0;0
316;1;106;starters and dishes;savoury pastries and other starters;25420;Egg roll or Nem;6.48;21.1;11.2;3.02;0.57;0.076
317;1;106;starters and dishes;savoury pastries and other starters;25438;Fritter, filled (filo pastry) (garnish : shrimps, vegetables, poultry, meat, etc,), home-made, cooked;12.2;8.48;11.5;0.72;0;0
318;1;106;starters and dishes;savoury pastries and other starters;25503;Vol-au-vent with fish and seafood;6.72;13.4;13.8;2.43;0;0
319;1;106;starters and dishes;savoury pastries and other starters;25508;Ham and cheese in puffed pastry;8.46;25.7;16.7;3.65;0.19;0.17
320;1;106;starters and dishes;savoury pastries and other starters;25551;Meat, poultry or fish fritters, home-made, raw;18.7;10;13.5;0.92;0;0
321;1;106;starters and dishes;savoury pastries and other starters;25557;Fritter, filled with eggs (filo pastry), home-made, cooked;10.4;12.3;18.1;1.6;0;0
322;1;106;starters and dishes;savoury pastries and other starters;25558;Fritter, filled with beef (filo pastry);10.4;33.5;17;3.2;0;0
323;1;106;starters and dishes;savoury pastries and other starters;25559;Fritter, filled with potatoes (filo pastry), home-made;3.25;19.6;13.4;1.5;0;0
324;1;106;starters and dishes;savoury pastries and other starters;25578;Puff pastry, savoury (average);8.39;26.1;17.8;3.03;0.41;0.93
325;1;106;starters and dishes;savoury pastries and other starters;25582;Egg roll or Nem, with chicken cooked;8.06;20.9;8.1;1.9;0.5;0.2
326;1;106;starters and dishes;savoury pastries and other starters;25583;Egg roll or Nem, with pork cooked;6.88;22.6;12.7;1.9;0.5;0.2
327;1;106;starters and dishes;savoury pastries and other starters;25584;Egg roll or Nem, with shrimp and/or crab cooked;7.44;23.7;9.2;2.4;0.6;0.2
328;1;106;starters and dishes;savoury pastries and other starters;26266;Croissant filled with ham and cheese, ;8.92;22;14.5;2.77;0;0
329;2;201;fruits, vegetables, legumes and nuts;vegetables;13004;Avocado, pulp, raw;1.56;0.83;20.6;0.4;0.16;0.2
330;2;201;fruits, vegetables, legumes and nuts;vegetables;20004;Swiss chard, raw;1;1.63;0.5;1.2;0.7;0.2
331;2;201;fruits, vegetables, legumes and nuts;vegetables;20009;Carrot, raw;0.63;7.59;0.5;6;1.1;0.2
332;2;201;fruits, vegetables, legumes and nuts;vegetables;20010;Mushroom, all types, raw;2.37;1.88;0.23;1.43;0.82;0
333;2;201;fruits, vegetables, legumes and nuts;vegetables;20012;Curly endive, raw;1.48;2.4;0.25;0.7;0;0
334;2;201;fruits, vegetables, legumes and nuts;vegetables;20014;Red cabbage, raw;1.13;4.33;0.5;3.9;2.2;0.2
335;2;201;fruits, vegetables, legumes and nuts;vegetables;20016;Cauliflower, raw;1.81;2.13;0.7;1.7;0.9;0.2
336;2;201;fruits, vegetables, legumes and nuts;vegetables;20019;Cucumber, pulp and peel, raw;0.64;2.54;0.11;1.67;0.54;0
337;2;201;fruits, vegetables, legumes and nuts;vegetables;20020;Courgette or zucchini, pulp and peel, raw;1.23;1.8;0.26;1.79;0.76;0
338;2;201;fruits, vegetables, legumes and nuts;vegetables;20022;Watercress, raw;2.09;0.9;0.15;0.2;0;0
339;2;201;fruits, vegetables, legumes and nuts;vegetables;20023;Celery stalk, raw;0.63;2.41;0.5;1.3;0.51;0.2
340;2;201;fruits, vegetables, legumes and nuts;vegetables;20026;Chicory, raw;1.19;2.83;0.5;2.4;1.5;0.2
341;2;201;fruits, vegetables, legumes and nuts;vegetables;20028;Fennel, raw;1;2.63;0.5;2.2;1.2;0.2
342;2;201;fruits, vegetables, legumes and nuts;vegetables;20031;Lettuce, raw;1.3;1.33;0.2;0.73;0.33;0
343;2;201;fruits, vegetables, legumes and nuts;vegetables;20034;Onion, raw;1.1;6.25;0.62;4.8;1.6;0.5
344;2;201;fruits, vegetables, legumes and nuts;vegetables;20038;Dandelion, raw;2.91;6.1;0.85;0.71;0;0
345;2;201;fruits, vegetables, legumes and nuts;vegetables;20039;Leek, raw;1.49;4.9;0.25;3.15;0.65;0
346;2;201;fruits, vegetables, legumes and nuts;vegetables;20041;Sweet pepper, green, yellow or red, raw;0.8;4.55;0.27;2.7;0;0
347;2;201;fruits, vegetables, legumes and nuts;vegetables;20044;Pumpkin, raw;1;3.5;0.1;1.36;0;0
348;2;201;fruits, vegetables, legumes and nuts;vegetables;20045;Radish, raw;0.94;1.53;0.5;1.1;0.7;0.2
349;2;201;fruits, vegetables, legumes and nuts;vegetables;20047;Tomato, raw;0.86;2.49;0.26;2.48;1.08;0
350;2;201;fruits, vegetables, legumes and nuts;vegetables;20052;Artichoke, globe, raw;3.2;4.92;0.18;0.99;0;0
351;2;201;fruits, vegetables, legumes and nuts;vegetables;20053;Eggplant, raw;1.12;2.39;0.14;2.39;1.13;0
352;2;201;fruits, vegetables, legumes and nuts;vegetables;20054;Cardoon, raw;0.7;1.7;0.1;1.5;0;0
353;2;201;fruits, vegetables, legumes and nuts;vegetables;20055;Celeriac, raw;1.38;3.98;0.5;1.6;0.2;0.2
354;2;201;fruits, vegetables, legumes and nuts;vegetables;20056;Button mushroom or cultivated mushroom, raw;2.62;3.15;0.36;2.5;2.01;0
355;2;201;fruits, vegetables, legumes and nuts;vegetables;20057;Broccoli, raw;3.95;1.7;0.48;1.7;0.48;0.15
356;2;201;fruits, vegetables, legumes and nuts;vegetables;20058;Brussels sprout, raw;3.98;5.67;0.4;2.2;0.52;0
357;2;201;fruits, vegetables, legumes and nuts;vegetables;20059;Spinach, raw;2.62;2.25;0.5;0.32;0.078;0
358;2;201;fruits, vegetables, legumes and nuts;vegetables;20061;French bean, raw;1.85;4.14;0.21;3.26;0.99;0
359;2;201;fruits, vegetables, legumes and nuts;vegetables;20064;Turnip, peeled, raw;0.76;4.7;0.1;3.8;0;0
360;2;201;fruits, vegetables, legumes and nuts;vegetables;20065;Turnip cabbage, raw;1.79;2.35;0.1;2.35;0;0
361;2;201;fruits, vegetables, legumes and nuts;vegetables;20069;Green cabbage, raw;2.53;1.92;0.41;1.92;1;0
362;2;201;fruits, vegetables, legumes and nuts;vegetables;20070;French bean, frozen, raw;1.97;4.35;0.17;1.96;0.47;0
363;2;201;fruits, vegetables, legumes and nuts;vegetables;20072;Garden peas, raw;5.84;7;0.55;5.67;0.15;0
364;2;201;fruits, vegetables, legumes and nuts;vegetables;20073;Asparagus, peeled, raw;2.04;2.4;0.21;1.88;0.49;0
365;2;201;fruits, vegetables, legumes and nuts;vegetables;20082;Cauliflower, frozen, raw;2.09;2.64;0.37;1.91;0;0
366;2;201;fruits, vegetables, legumes and nuts;vegetables;20083;Spinach, frozen, raw;2.87;0.89;0.49;0.6;0.2;0
367;2;201;fruits, vegetables, legumes and nuts;vegetables;20084;Garden peas, frozen, raw;5.86;8.77;0.44;3.87;0.064;0
368;2;201;fruits, vegetables, legumes and nuts;vegetables;20085;Sweet pepper, green, raw;0.81;3.43;0.5;3;1.5;0.2
369;2;201;fruits, vegetables, legumes and nuts;vegetables;20087;Sweet pepper, red, raw;1.06;5.98;0.5;4.8;2.2;0.2
370;2;201;fruits, vegetables, legumes and nuts;vegetables;20089;Radish, black, raw;0.94;5.52;0.3;4.3;2.6;0.2
371;2;201;fruits, vegetables, legumes and nuts;vegetables;20090;Escaroles;1.25;0.3;0.2;0.23;0;0
372;2;201;fruits, vegetables, legumes and nuts;vegetables;20091;Beetroot, raw;1.74;9.1;0.24;6.76;0.35;0
373;2;201;fruits, vegetables, legumes and nuts;vegetables;20097;Shallot, raw;1.81;12.2;0.5;3.3;0.5;0.2
375;2;201;fruits, vegetables, legumes and nuts;vegetables;20101;Mixed vegetables, frozen, raw;2.26;5.71;2.65;2.18;0.82;0
376;2;201;fruits, vegetables, legumes and nuts;vegetables;20103;Chanterelle or girolle mushroom, raw;2.28;2.3;0.78;1.87;1.16;0
377;2;201;fruits, vegetables, legumes and nuts;vegetables;20105;Morel, raw;3.16;0.1;0.54;0.044;0.044;0
378;2;201;fruits, vegetables, legumes and nuts;vegetables;20106;Black truffle, raw;5.77;0;0.51;0.7;0;0
379;2;201;fruits, vegetables, legumes and nuts;vegetables;20108;Sweet corn, on the cob, frozen, raw;3.36;17;1.19;3.78;0.6;0
380;2;201;fruits, vegetables, legumes and nuts;vegetables;20111;Sorrel, raw;1.84;1.6;0.65;1.54;0;0
381;2;201;fruits, vegetables, legumes and nuts;vegetables;20114;Oyster mushroom, raw;3.06;1.5;0.36;0.71;0.71;0
382;2;201;fruits, vegetables, legumes and nuts;vegetables;20116;White cabbage, raw;1.38;4.63;0.6;4.2;2.4;0.2
383;2;201;fruits, vegetables, legumes and nuts;vegetables;20119;Tomato, green, raw;1.2;4;0.2;4;0;0
384;2;201;fruits, vegetables, legumes and nuts;vegetables;20123;Lettuce, var, batavia, raw;1.25;1.78;0.5;1.1;0.5;0.2
385;2;201;fruits, vegetables, legumes and nuts;vegetables;20126;Lima bean, raw;6.84;15.3;0.86;1.48;0;0
386;2;201;fruits, vegetables, legumes and nuts;vegetables;20128;Pumpkin (cucurbita moschata), pulp, raw;0.55;4.6;0.1;0;0;0
387;2;201;fruits, vegetables, legumes and nuts;vegetables;20132;Red kuri squash, pulp, raw;0.63;3.1;0.1;0;1.1;0
388;2;201;fruits, vegetables, legumes and nuts;vegetables;20134;Sweet green hokkaido squash, pulp, raw;1.4;9.98;0.6;0;0;0
389;2;201;fruits, vegetables, legumes and nuts;vegetables;20136;Squash, melonnette jaspée from Vendée, pulp, raw;0.75;5.98;0.13;0;0;0
390;2;201;fruits, vegetables, legumes and nuts;vegetables;20138;Squash, butternut, pulp, raw;1;5.4;0.1;2.2;0.99;0
391;2;201;fruits, vegetables, legumes and nuts;vegetables;20139;Squash, all types, raw;1.1;1.6;0.17;1.6;0.7;0
392;2;201;fruits, vegetables, legumes and nuts;vegetables;20145;Squash, spaghetti, pulp, raw;0.64;5.41;0.57;2.76;0;0
393;2;201;fruits, vegetables, legumes and nuts;vegetables;20151;Chili pepper, raw;1.87;7.7;0.32;5.3;0;0
394;2;201;fruits, vegetables, legumes and nuts;vegetables;20159;Caesar's mushroom or royal agaric, raw;2;2.45;0.3;1;0;0
395;2;201;fruits, vegetables, legumes and nuts;vegetables;20160;Cep or boletus mushroom, raw;3.13;3.03;0.43;1.7;0.27;0
396;2;201;fruits, vegetables, legumes and nuts;vegetables;20161;Field mushroom, raw;2.3;2.45;0.4;1;0;0
397;2;201;fruits, vegetables, legumes and nuts;vegetables;20162;Red endive, raw;1.4;1.6;0.1;1.6;0;0
398;2;201;fruits, vegetables, legumes and nuts;vegetables;20163;Green endive, raw;1.9;0.5;0.5;0.5;0;0
399;2;201;fruits, vegetables, legumes and nuts;vegetables;20166;Pumpkin, pulp, raw;1;6;0.1;2.76;0;0
400;2;201;fruits, vegetables, legumes and nuts;vegetables;20167;Chinese cabbage (nappa cabbage or bok choy), raw;1.38;1.65;0.2;1.18;0.82;0
401;2;201;fruits, vegetables, legumes and nuts;vegetables;20168;Sweet pepper, yellow, raw;0.94;4.73;0.3;4.3;2;0.2
402;2;201;fruits, vegetables, legumes and nuts;vegetables;20171;Cos or romaine lettuce, raw;1.24;1.2;0.3;1.19;0.39;0
403;2;201;fruits, vegetables, legumes and nuts;vegetables;20172;Tomato, cherry, raw;1.31;5.62;0.5;4.8;2.3;0.2
404;2;201;fruits, vegetables, legumes and nuts;vegetables;20173;Snow pea, raw;3.08;6.2;0.27;4;0;0
405;2;201;fruits, vegetables, legumes and nuts;vegetables;20181;Parsnip, raw;1.54;10.1;0.4;4.8;0;0
406;2;201;fruits, vegetables, legumes and nuts;vegetables;20183;Mung bean, sprouted or soy spouts, raw;2.57;3.4;0.5;3.4;0;0
407;2;201;fruits, vegetables, legumes and nuts;vegetables;20192;Tomato, beef heart, raw;0.5;3.23;0.5;2.8;1.2;0.2
408;2;201;fruits, vegetables, legumes and nuts;vegetables;20195;Butter bean or yellow bean, raw;1.85;5.6;0.16;0;0;0
409;2;201;fruits, vegetables, legumes and nuts;vegetables;20197;Salsify, black, raw;3.13;15.3;0.3;0;0;0
410;2;201;fruits, vegetables, legumes and nuts;vegetables;20198;Bamboo shoots, raw;2.52;5.08;0.2;3;0;0
411;2;201;fruits, vegetables, legumes and nuts;vegetables;20199;Garden cress, raw;2.55;2.2;0.6;2.2;0.16;0
412;2;201;fruits, vegetables, legumes and nuts;vegetables;20200;Iceberg lettuce, raw;1.01;2.45;0.18;1.48;0.62;0
413;2;201;fruits, vegetables, legumes and nuts;vegetables;20201;Rutabaga or Swede, raw;1.17;5.7;0.13;4.46;2.3;0
414;2;201;fruits, vegetables, legumes and nuts;vegetables;20203;Butter bean or yellow bean, frozen, raw;2;4.9;0.17;2.5;0;0
415;2;201;fruits, vegetables, legumes and nuts;vegetables;20204;Broccoli, frozen, raw;2.79;1.56;0.44;1.24;0.49;0
416;2;201;fruits, vegetables, legumes and nuts;vegetables;20206;Brussels sprout, frozen, raw;3.43;4.5;0.33;2.35;0;0
417;2;201;fruits, vegetables, legumes and nuts;vegetables;20208;Carrot, frozen, raw;0.63;4.99;0.27;4.73;0.4;0
418;2;201;fruits, vegetables, legumes and nuts;vegetables;20210;Cucumber, pulp, raw;0.56;2.23;0.5;1.8;0.8;0.2
419;2;201;fruits, vegetables, legumes and nuts;vegetables;20214;Garden peas and carrots, frozen, raw;3.89;7.1;0.37;3.43;0.31;0
420;2;201;fruits, vegetables, legumes and nuts;vegetables;20217;Roman rocket, raw;2.58;2.1;0.66;2.05;0;0
421;2;201;fruits, vegetables, legumes and nuts;vegetables;20218;Curly kale, raw;4.33;4.2;1.07;2.26;0.54;0
422;2;201;fruits, vegetables, legumes and nuts;vegetables;20228;Button mushroom or cultivated mushroom, frozen, raw;1.8;0.83;0.25;0.25;0;0
423;2;201;fruits, vegetables, legumes and nuts;vegetables;20230;Courgette or zucchini, pulp and peel, frozen, raw;1.19;2.18;0.14;1.56;0.7;0
424;2;201;fruits, vegetables, legumes and nuts;vegetables;20231;Chinese or Japanese artichokes, frozen, raw;1.4;8.7;0;0.5;0;0
425;2;201;fruits, vegetables, legumes and nuts;vegetables;20232;Artichoke base, frozen, raw;2.08;8.09;0.43;1.89;0;0
426;2;201;fruits, vegetables, legumes and nuts;vegetables;20233;Sweet corn, frozen, raw;3.28;19.8;0.78;3.78;0.59;0
427;2;201;fruits, vegetables, legumes and nuts;vegetables;20234;Turnip, frozen, raw;0.82;2;0.18;1.9;0;0
428;2;201;fruits, vegetables, legumes and nuts;vegetables;20235;Onion, frozen, raw;1;5.39;0.12;4.59;0;0
429;2;201;fruits, vegetables, legumes and nuts;vegetables;20236;Leek, frozen, raw;1.42;3.35;0.29;2.95;1.28;0
430;2;201;fruits, vegetables, legumes and nuts;vegetables;20237;Salsify, frozen, raw;2.65;4.15;0.15;2.5;0;0
431;2;201;fruits, vegetables, legumes and nuts;vegetables;20238;Red onion, raw;1.31;5.63;0.4;5.2;2.2;0.2
432;2;201;fruits, vegetables, legumes and nuts;vegetables;20239;Yellow onion, raw;1.19;6.39;0.5;0.2;0.2;0.2
433;2;201;fruits, vegetables, legumes and nuts;vegetables;20263;Mixed vegetables for soups, frozen, raw;1.44;4.69;0.44;2.5;0.8;0.2
434;2;201;fruits, vegetables, legumes and nuts;vegetables;20265;Thinly-shredded or diced vegetables, frozen, raw;1.19;4.08;0.25;3.13;0;0
435;2;201;fruits, vegetables, legumes and nuts;vegetables;20266;Mixed vegetables for ratatouille, frozen;1.01;3.23;0.089;2.88;1.33;0.3
436;2;201;fruits, vegetables, legumes and nuts;vegetables;20267;Spring vegetables, frozen, raw (French beans, carrots, potatoes, green peas, onions);2.4;8.48;0.078;2.62;0.58;0
437;2;201;fruits, vegetables, legumes and nuts;vegetables;20269;Flat bean, raw;1.93;4.47;0.12;1.3;0.6;0
438;2;201;fruits, vegetables, legumes and nuts;vegetables;20272;Mesclun or salads, mix of baby leaves;2;2.5;0;0;0;0
439;2;201;fruits, vegetables, legumes and nuts;vegetables;20276;Tomato, round, raw;0.5;3.59;0.5;2.8;1.2;0.2
440;2;201;fruits, vegetables, legumes and nuts;vegetables;20279;Asparagus, green, raw;2.46;2.03;0.27;1.5;0;0
441;2;201;fruits, vegetables, legumes and nuts;vegetables;20280;Romanesco cauliflower or romanesco broccoli, raw;2.93;2.2;0.4;2.2;0;0
442;2;201;fruits, vegetables, legumes and nuts;vegetables;20282;Asparagus, white or purple, peeled, raw;2.5;2.5;0.3;0;0;0
443;2;201;fruits, vegetables, legumes and nuts;vegetables;20283;Glasswort (Salicornia sp,), fresh;0.67;1.1;0.24;0;0;0
444;2;201;fruits, vegetables, legumes and nuts;vegetables;20288;Lettuce, sucrine, raw;1.13;2.58;0.3;1.78;0.8;0.1
445;2;201;fruits, vegetables, legumes and nuts;vegetables;20295;Lettuce, oak-leaf, raw;1.13;1.03;0.5;0.6;0.3;0.2
446;2;201;fruits, vegetables, legumes and nuts;vegetables;20496;Mixed vegetables for couscous, frozen, raw;2.05;6.75;0.7;3.05;0;0
447;2;201;fruits, vegetables, legumes and nuts;vegetables;20584;Tomato, bunch, raw;0.5;3.03;0.5;2.6;1.2;0.2
448;2;201;fruits, vegetables, legumes and nuts;vegetables;25604;Green salad, raw, without seasoning;1.01;1.5;0.1;0.83;0;0
449;2;201;fruits, vegetables, legumes and nuts;vegetables;53100;Plantain banana, raw;1.28;29.6;0.39;0;0;0
450;2;201;fruits, vegetables, legumes and nuts;vegetables;13177;Chayote, boiled/cooked in water;0.62;2.29;0.48;0;0;0
451;2;201;fruits, vegetables, legumes and nuts;vegetables;20000;Artichoke, globe, cooked;2.53;0.99;0.28;0.99;0.24;0
452;2;201;fruits, vegetables, legumes and nuts;vegetables;20001;Asparagus, boiled/cooked in water;2.68;0.81;0.32;0.81;0.26;0
453;2;201;fruits, vegetables, legumes and nuts;vegetables;20002;Eggplant, cooked;1.33;4.17;0.28;3.41;1.4;0
454;2;201;fruits, vegetables, legumes and nuts;vegetables;20003;Beetroot, cooked;1.44;7.13;0.4;6.7;0.8;0.2
455;2;201;fruits, vegetables, legumes and nuts;vegetables;20005;Swiss chard, cooked;0.7;1.23;0.5;0.8;0.5;0.2
456;2;201;fruits, vegetables, legumes and nuts;vegetables;20006;Broccoli, cooked;2.1;1.1;0.78;1.1;0.5;0.5
457;2;201;fruits, vegetables, legumes and nuts;vegetables;20007;Carrot, canned, drained;0.67;3.4;0.2;2.49;0;0
458;2;201;fruits, vegetables, legumes and nuts;vegetables;20008;Carrot, cooked;0.55;2.6;0.1;1.3;0.5;0.5
459;2;201;fruits, vegetables, legumes and nuts;vegetables;20011;Mushroom, all types, canned, drained;1.87;2.56;0.29;2.19;0;0
460;2;201;fruits, vegetables, legumes and nuts;vegetables;20013;Brussels sprout, cooked;2.6;4.2;0.11;1.7;0.5;0.5
461;2;201;fruits, vegetables, legumes and nuts;vegetables;20015;Green cabbage, cooked;1.03;3.04;0.45;2.79;1.62;0
462;2;201;fruits, vegetables, legumes and nuts;vegetables;20017;Cauliflower, cooked;1.6;1.6;0.46;1.59;0.5;0.5
463;2;201;fruits, vegetables, legumes and nuts;vegetables;20018;Palm heart, canned, drained;2.45;4.03;0.5;1.5;0;0
464;2;201;fruits, vegetables, legumes and nuts;vegetables;20021;Courgette or zucchini, pulp and peel, cooked;0.93;1.4;0.36;1.39;0.5;0.5
465;2;201;fruits, vegetables, legumes and nuts;vegetables;20024;Celery stalk, cooked;0.83;1.2;0.16;1.2;0.56;0
466;2;201;fruits, vegetables, legumes and nuts;vegetables;20025;Celeriac, cooked;1.3;4.6;0.86;2.8;1.1;0.5
467;2;201;fruits, vegetables, legumes and nuts;vegetables;20027;Spinach, cooked;3.2;0.5;0.14;0.47;0.5;0.5
468;2;201;fruits, vegetables, legumes and nuts;vegetables;20029;Mung bean, sprouted or soy spouts, canned, drained;1.56;2.36;0.12;1.78;0;0
469;2;201;fruits, vegetables, legumes and nuts;vegetables;20030;French bean, cooked;2;3;0.17;1;0.5;0.5
470;2;201;fruits, vegetables, legumes and nuts;vegetables;20033;Turnip, cooked;0.9;3.8;0.2;2.9;1.6;0.5
471;2;201;fruits, vegetables, legumes and nuts;vegetables;20035;Onion, cooked;1.3;6.2;0.2;4;1.3;0.5
472;2;201;fruits, vegetables, legumes and nuts;vegetables;20036;Garden peas, canned, drained;5.12;10.7;0.8;3.59;0.17;0
473;2;201;fruits, vegetables, legumes and nuts;vegetables;20037;Garden peas, cooked;5.8;4.7;0.87;1.8;0.5;0.5
474;2;201;fruits, vegetables, legumes and nuts;vegetables;20040;Leek, cooked;1.1;3;0.2;2.11;0.5;0.5
475;2;201;fruits, vegetables, legumes and nuts;vegetables;20043;Pumpkin, canned, drained;1.1;5.19;0.28;3.3;0;0
476;2;201;fruits, vegetables, legumes and nuts;vegetables;20046;Salsify, cooked;2.73;12.3;0.17;2.9;0;0
477;2;201;fruits, vegetables, legumes and nuts;vegetables;20048;Tomato, peeled, canned, drained;1.07;1.89;0.28;1.88;0.87;0
478;2;201;fruits, vegetables, legumes and nuts;vegetables;20049;Sweet corn, on the cob, cooked;3.41;18.6;1.5;4.54;0.84;0
479;2;201;fruits, vegetables, legumes and nuts;vegetables;20051;Diced mixed vegetables, canned, drained;2.32;5.59;0.28;1.73;0;0
480;2;201;fruits, vegetables, legumes and nuts;vegetables;20060;Spinach, canned, drained;2.81;0.93;0.5;0.4;0;0
481;2;201;fruits, vegetables, legumes and nuts;vegetables;20062;French bean, canned, drained;1.33;2.07;0.31;0.77;0.29;0
482;2;201;fruits, vegetables, legumes and nuts;vegetables;20063;Butter bean or yellow bean, canned, drained;1.22;3.48;0.23;0.86;0;0
483;2;201;fruits, vegetables, legumes and nuts;vegetables;20066;Sweet corn, canned, drained;2.82;18.4;1.68;5.16;0.55;0
484;2;201;fruits, vegetables, legumes and nuts;vegetables;20067;Artichoke, canned, drained;1.5;6.5;0.2;1.5;0;0
485;2;201;fruits, vegetables, legumes and nuts;vegetables;20068;Tomato paste, concentrated, canned;4.4;17.1;0.53;13.3;6.7;0.5
486;2;201;fruits, vegetables, legumes and nuts;vegetables;20071;French bean, frozen, cooked;1.95;5.1;0.19;1.23;0;0
487;2;201;fruits, vegetables, legumes and nuts;vegetables;20074;Artichoke, steamed;2.63;3.24;0.3;1.9;0.2;0.2
488;2;201;fruits, vegetables, legumes and nuts;vegetables;20076;Asparagus, canned, drained;1.58;1.43;0.27;1.23;0.45;0
489;2;201;fruits, vegetables, legumes and nuts;vegetables;20077;Brussels sprout, canned, drained;2.5;4.1;0.53;2.5;0;0
490;2;201;fruits, vegetables, legumes and nuts;vegetables;20078;Celery stalk, canned, drained;0.63;1.38;0.15;0.8;0;0
491;2;201;fruits, vegetables, legumes and nuts;vegetables;20079;Button mushroom or cultivated mushroom, canned, drained;2.23;0.7;0.37;0;0;0
492;2;201;fruits, vegetables, legumes and nuts;vegetables;20081;Salsify, canned, drained;1.25;4.25;0.15;1;0;0
493;2;201;fruits, vegetables, legumes and nuts;vegetables;20086;Sweet pepper, green, cooked;0.92;2.36;0.2;2.36;1.14;0
494;2;201;fruits, vegetables, legumes and nuts;vegetables;20088;Sweet pepper, red, cooked;1.4;7;0.3;6;0;0
495;2;201;fruits, vegetables, legumes and nuts;vegetables;20093;Garden peas and carrots, canned, drained;2.51;7.39;0.33;3.58;0.4;0.2
496;2;201;fruits, vegetables, legumes and nuts;vegetables;20094;Kohlrabi, boiled/cooked in water;1.8;4.4;0.11;2.8;0;0
497;2;201;fruits, vegetables, legumes and nuts;vegetables;20095;Red cabbage, boiled/cooked in water;1.51;3.32;0.09;3.32;1.42;0
498;2;201;fruits, vegetables, legumes and nuts;vegetables;20096;Pumpkin, cooked;0.81;4.5;0.07;3.1;0.58;0.2
499;2;201;fruits, vegetables, legumes and nuts;vegetables;20102;Button mushroom or cultivated mushroom, boiled/cooked in water;2.17;3;0.47;2.34;0;0
500;2;201;fruits, vegetables, legumes and nuts;vegetables;20118;Fennel, boiled/cooked in water;1.13;0.8;0.1;0.5;0.3;0.2
501;2;201;fruits, vegetables, legumes and nuts;vegetables;20121;Spinach, frozen, cooked;4.01;0.51;0.87;0.51;0.2;0
502;2;201;fruits, vegetables, legumes and nuts;vegetables;20122;Cauliflower, frozen, cooked;1.61;1.05;0.22;1.03;0;0
503;2;201;fruits, vegetables, legumes and nuts;vegetables;20124;Garden peas, frozen, cooked;5.15;7.95;0.27;4.65;0.12;0
